{"loss": 0.22927860915660858, "categorical_accuracy": 0.9661402702331543, "val_loss": 0.10883201658725739, "val_categorical_accuracy": 0.9685423374176025, "_timestamp": 1652695833, "_runtime": 39, "_step": 1, "_wandb": {"runtime": 66}}